test_pos,rc5,raw
0,1595489,"1595489,,apple_firestorm_pmu/rc5/u,87310041,100.00,,"
1,501103,"501103,,apple_firestorm_pmu/rc5/u,81658833,100.00,,"
2,813013,"813013,,apple_firestorm_pmu/rc5/u,82633665,100.00,,"
3,889570,"889570,,apple_firestorm_pmu/rc5/u,80627625,100.00,,"
4,1001317,"1001317,,apple_firestorm_pmu/rc5/u,85421832,100.00,,"
5,999855,"999855,,apple_firestorm_pmu/rc5/u,82310457,100.00,,"
6,1204490,"1204490,,apple_firestorm_pmu/rc5/u,83339916,100.00,,"
7,999616,"999616,,apple_firestorm_pmu/rc5/u,86453167,100.00,,"
8,1500709,"1500709,,apple_firestorm_pmu/rc5/u,89319416,100.00,,"
9,1501237,"1501237,,apple_firestorm_pmu/rc5/u,85094333,100.00,,"
10,1000947,"1000947,,apple_firestorm_pmu/rc5/u,86891208,100.00,,"
11,1001599,"1001599,,apple_firestorm_pmu/rc5/u,84739584,100.00,,"
12,1499858,"1499858,,apple_firestorm_pmu/rc5/u,86464750,100.00,,"
13,1000143,"1000143,,apple_firestorm_pmu/rc5/u,85753416,100.00,,"
14,1000520,"1000520,,apple_firestorm_pmu/rc5/u,85310499,100.00,,"
15,1000967,"1000967,,apple_firestorm_pmu/rc5/u,84861332,100.00,,"
16,1499749,"1499749,,apple_firestorm_pmu/rc5/u,83094374,100.00,,"
17,1000787,"1000787,,apple_firestorm_pmu/rc5/u,79667625,100.00,,"
18,1000418,"1000418,,apple_firestorm_pmu/rc5/u,100130374,100.00,,"
19,1000590,"1000590,,apple_firestorm_pmu/rc5/u,79539499,100.00,,"
20,1000492,"1000492,,apple_firestorm_pmu/rc5/u,85151500,100.00,,"
21,1000640,"1000640,,apple_firestorm_pmu/rc5/u,85110875,100.00,,"
22,1220528,"1220528,,apple_firestorm_pmu/rc5/u,81228417,100.00,,"
23,999624,"999624,,apple_firestorm_pmu/rc5/u,82809415,100.00,,"
24,999706,"999706,,apple_firestorm_pmu/rc5/u,85367165,100.00,,"
25,1500160,"1500160,,apple_firestorm_pmu/rc5/u,88656708,100.00,,"
26,999387,"999387,,apple_firestorm_pmu/rc5/u,84057749,100.00,,"
27,1000300,"1000300,,apple_firestorm_pmu/rc5/u,80745918,100.00,,"
28,1000055,"1000055,,apple_firestorm_pmu/rc5/u,84472208,100.00,,"
29,1000188,"1000188,,apple_firestorm_pmu/rc5/u,80082333,100.00,,"
30,1500655,"1500655,,apple_firestorm_pmu/rc5/u,83064540,100.00,,"
31,999777,"999777,,apple_firestorm_pmu/rc5/u,81424834,100.00,,"
32,1000759,"1000759,,apple_firestorm_pmu/rc5/u,85414124,100.00,,"
33,1002369,"1002369,,apple_firestorm_pmu/rc5/u,83056750,100.00,,"
34,1000721,"1000721,,apple_firestorm_pmu/rc5/u,80243499,100.00,,"
35,1001775,"1001775,,apple_firestorm_pmu/rc5/u,85123375,100.00,,"
36,1001330,"1001330,,apple_firestorm_pmu/rc5/u,80522166,100.00,,"
37,1000455,"1000455,,apple_firestorm_pmu/rc5/u,85369333,100.00,,"
38,1001122,"1001122,,apple_firestorm_pmu/rc5/u,86002917,100.00,,"
39,1000349,"1000349,,apple_firestorm_pmu/rc5/u,78385041,100.00,,"
40,1001307,"1001307,,apple_firestorm_pmu/rc5/u,80204124,100.00,,"
41,999828,"999828,,apple_firestorm_pmu/rc5/u,81503166,100.00,,"
42,1500419,"1500419,,apple_firestorm_pmu/rc5/u,89082416,100.00,,"
43,1253735,"1253735,,apple_firestorm_pmu/rc5/u,83370000,100.00,,"
44,1805163,"1805163,,apple_firestorm_pmu/rc5/u,82518124,100.00,,"
45,1334695,"1334695,,apple_firestorm_pmu/rc5/u,88182374,100.00,,"
46,1741015,"1741015,,apple_firestorm_pmu/rc5/u,90376000,100.00,,"
47,1226355,"1226355,,apple_firestorm_pmu/rc5/u,82963583,100.00,,"
48,1499897,"1499897,,apple_firestorm_pmu/rc5/u,81097000,100.00,,"
49,1615665,"1615665,,apple_firestorm_pmu/rc5/u,83081082,100.00,,"
50,1000189,"1000189,,apple_firestorm_pmu/rc5/u,81764791,100.00,,"
51,1490196,"1490196,,apple_firestorm_pmu/rc5/u,81948500,100.00,,"
52,1001204,"1001204,,apple_firestorm_pmu/rc5/u,79102458,100.00,,"
53,999206,"999206,,apple_firestorm_pmu/rc5/u,83703541,100.00,,"
54,1500027,"1500027,,apple_firestorm_pmu/rc5/u,83339250,100.00,,"
55,1500503,"1500503,,apple_firestorm_pmu/rc5/u,93395416,100.00,,"
56,1500416,"1500416,,apple_firestorm_pmu/rc5/u,83185500,100.00,,"
57,1000617,"1000617,,apple_firestorm_pmu/rc5/u,85565708,100.00,,"
58,1000486,"1000486,,apple_firestorm_pmu/rc5/u,79965125,100.00,,"
59,1500407,"1500407,,apple_firestorm_pmu/rc5/u,83298708,100.00,,"
60,1500064,"1500064,,apple_firestorm_pmu/rc5/u,87553208,100.00,,"
61,1499769,"1499769,,apple_firestorm_pmu/rc5/u,86130458,100.00,,"
62,1499890,"1499890,,apple_firestorm_pmu/rc5/u,88070874,100.00,,"
63,1000092,"1000092,,apple_firestorm_pmu/rc5/u,82238416,100.00,,"
64,999143,"999143,,apple_firestorm_pmu/rc5/u,81204541,100.00,,"
65,998865,"998865,,apple_firestorm_pmu/rc5/u,78772749,100.00,,"
66,1499352,"1499352,,apple_firestorm_pmu/rc5/u,81419208,100.00,,"
67,1499619,"1499619,,apple_firestorm_pmu/rc5/u,87248958,100.00,,"
68,1500587,"1500587,,apple_firestorm_pmu/rc5/u,81491458,100.00,,"
69,999634,"999634,,apple_firestorm_pmu/rc5/u,84412916,100.00,,"
70,999864,"999864,,apple_firestorm_pmu/rc5/u,86781999,100.00,,"
71,1000384,"1000384,,apple_firestorm_pmu/rc5/u,83586583,100.00,,"
72,999901,"999901,,apple_firestorm_pmu/rc5/u,81493666,100.00,,"
73,1499689,"1499689,,apple_firestorm_pmu/rc5/u,86395166,100.00,,"
74,1000669,"1000669,,apple_firestorm_pmu/rc5/u,83146958,100.00,,"
75,1499527,"1499527,,apple_firestorm_pmu/rc5/u,86362292,100.00,,"
76,1500066,"1500066,,apple_firestorm_pmu/rc5/u,83963333,100.00,,"
77,999910,"999910,,apple_firestorm_pmu/rc5/u,82280791,100.00,,"
78,1501142,"1501142,,apple_firestorm_pmu/rc5/u,84247959,100.00,,"
79,1499653,"1499653,,apple_firestorm_pmu/rc5/u,79576416,100.00,,"
80,1011247,"1011247,,apple_firestorm_pmu/rc5/u,79719500,100.00,,"
81,1000474,"1000474,,apple_firestorm_pmu/rc5/u,79911166,100.00,,"
82,1499361,"1499361,,apple_firestorm_pmu/rc5/u,82631917,100.00,,"
83,1001060,"1001060,,apple_firestorm_pmu/rc5/u,89262124,100.00,,"
84,1499533,"1499533,,apple_firestorm_pmu/rc5/u,83579500,100.00,,"
85,1000108,"1000108,,apple_firestorm_pmu/rc5/u,79894500,100.00,,"
86,1499811,"1499811,,apple_firestorm_pmu/rc5/u,82860001,100.00,,"
87,1000002,"1000002,,apple_firestorm_pmu/rc5/u,80841249,100.00,,"
88,1500033,"1500033,,apple_firestorm_pmu/rc5/u,83311000,100.00,,"
89,1000592,"1000592,,apple_firestorm_pmu/rc5/u,81071625,100.00,,"
90,1500254,"1500254,,apple_firestorm_pmu/rc5/u,82798041,100.00,,"
91,1000144,"1000144,,apple_firestorm_pmu/rc5/u,78258708,100.00,,"
92,999604,"999604,,apple_firestorm_pmu/rc5/u,82549166,100.00,,"
93,1226027,"1226027,,apple_firestorm_pmu/rc5/u,80854167,100.00,,"
94,1000641,"1000641,,apple_firestorm_pmu/rc5/u,80383125,100.00,,"
95,1499826,"1499826,,apple_firestorm_pmu/rc5/u,80430041,100.00,,"
96,1001218,"1001218,,apple_firestorm_pmu/rc5/u,81333916,100.00,,"
97,1008616,"1008616,,apple_firestorm_pmu/rc5/u,81466791,100.00,,"
